year,boy1,boy2,boy3,boy4,boy5,boy6,boy7,boy8,boy9,boy10,girl1,girl2,girl3,girl4,girl5,girl6,girl7,girl8,girl9,girl10
1952,John,Peter,Robert,Stephen,David,Michael,Paul,Gary,Gregory,Ian,Christine,Susan,Margaret,Judith,Jennifer,Lynette,Robyn,Patricia,Helen,Elizabeth
1953,John,Peter,Robert,Stephen,David,Michael,Paul,Gregory,Gary,Ian,Christine,Susan,Jennifer,Margaret,Judith,Robyn,Julie,Lynette,Helen,Patricia
1954,Peter,John,Robert,Stephen,David,Michael,Gregory,Paul,Ian,Mark,Susan,Christine,Margaret,Jennifer,Julie,Robyn,Lynette,Judith,Helen,Patricia
1955,Peter,John,Stephen,Robert,Michael,David,Gregory,Paul,Mark,Ian,Susan,Jennifer,Christine,Margaret,Julie,Lynette,Karen,Robyn,Judith,Helen
1956,Peter,John,David,Stephen,Michael,Robert,Mark,Gregory,Paul,Ian,Jennifer,Susan,Julie,Christine,Margaret,Karen,Deborah,Robyn,Helen,Lynette
1957,Peter,John,David,Stephen,Michael,Mark,Robert,Gregory,Paul,Anthony,Jennifer,Susan,Deborah,Julie,Karen,Margaret,Christine,Kim,Debra,Robyn
1958,Peter,John,David,Michael,Stephen,Mark,Gregory,Robert,Paul,Wayne,Jennifer,Susan,Deborah,Julie,Karen,Debra,Kim,Christine,Margaret,Wendy
1959,Peter,David,Mark,Michael,John,Stephen,Gregory,Robert,Paul,Anthony,Jennifer,Susan,Julie,Deborah,Karen,Kim,Debra,Christine,Sharon,Catherine
1960,Peter,Mark,David,Michael,John,Stephen,Robert,Gregory,Paul,Anthony,Jennifer,Susan,Julie,Karen,Deborah,Kim,Debra,Sharon,Christine,Robyn
1961,David,Peter,Mark,Michael,John,Stephen,Robert,Gregory,Paul,Anthony,Jennifer,Karen,Susan,Julie,Deborah,Donna,Sharon,Kim,Michelle,Catherine
1962,David,Peter,Mark,Michael,John,Stephen,Paul,Robert,Gregory,Anthony,Jennifer,Karen,Susan,Sharon,Julie,Deborah,Donna,Michelle,Catherine,Joanne
1963,David,Peter,Michael,Mark,John,Paul,Stephen,Robert,Gregory,Anthony,Karen,Susan,Jennifer,Sharon,Julie,Donna,Leanne,Catherine,Michelle,Deborah
1964,David,Michael,Peter,Mark,John,Paul,Stephen,Robert,Craig,Anthony,Karen,Jennifer,Sharon,Susan,Donna,Michelle,Julie,Leanne,Joanne,Catherine
1965,David,Michael,Peter,Mark,John,Paul,Robert,Stephen,Andrew,Anthony,Karen,Sharon,Michelle,Jennifer,Donna,Susan,Leanne,Julie,Lisa,Joanne
1966,David,Michael,Peter,Paul,Mark,John,Andrew,Robert,Stephen,Darren,Karen,Michelle,Sharon,Lisa,Donna,Jennifer,Kim,Susan,Julie,Leanne
1967,David,Michael,Peter,Paul,Mark,John,Andrew,Robert,Anthony,Craig,Michelle,Karen,Lisa,Sharon,Donna,Kim,Jennifer,Julie,Susan,Leanne
1968,David,Michael,Mark,Paul,Peter,Andrew,John,Anthony,Craig,Robert,Karen,Lisa,Michelle,Sharon,Jennifer,Leanne,Donna,Susan,Catherine,Kim
1969,David,Michael,Mark,Paul,Andrew,Peter,John,Craig,Scott,Robert,Michelle,Karen,Lisa,Sharon,Nicole,Joanne,Jennifer,Julie,Leanne,Kim
1970,David,Jason,Michael,Andrew,Paul,Mark,Peter,John,Anthony,Scott,Michelle,Karen,Lisa,Nicole,Joanne,Kylie,Sharon,Jennifer,Kim,Julie
1971,Jason,David,Michael,Andrew,Mark,Paul,Matthew,Peter,Scott,John,Michelle,Kylie,Nicole,Karen,Lisa,Joanne,Melissa,Sharon,Kim,Julie
1972,Jason,David,Michael,Matthew,Andrew,Paul,Mark,Peter,Christopher,Scott,Michelle,Kylie,Nicole,Karen,Lisa,Joanne,Melissa,Rebecca,Jennifer,Sharon
1973,Jason,David,Michael,Matthew,Andrew,Mark,Paul,Scott,Christopher,Peter,Michelle,Kylie,Nicole,Melissa,Lisa,Karen,Rebecca,Belinda,Amanda,Jennifer
1974,Michael,David,Matthew,Jason,Andrew,Mark,Paul,Daniel,Christopher,Scott,Michelle,Kylie,Nicole,Melissa,Rebecca,Belinda,Lisa,Amanda,Karen,Jennifer
1975,Michael,Matthew,David,Daniel,Jason,Andrew,Paul,Mark,Christopher,Adam,Michelle,Nicole,Kylie,Melissa,Rebecca,Belinda,Lisa,Amanda,Karen,Natalie
1976,Michael,David,Matthew,Daniel,Andrew,Jason,Benjamin,Mark,Adam,Paul,Rebecca,Michelle,Melissa,Nicole,Kylie,Belinda,Amanda,Lisa,Natalie,Karen
1977,Michael,Matthew,David,Daniel,Benjamin,Andrew,Mark,Adam,Christopher,Jason,Rebecca,Melissa,Nicole,Michelle,Amanda,Kylie,Sarah,Belinda,Lisa,Natalie
1978,Michael,Matthew,David,Daniel,Andrew,Benjamin,Christopher,Mark,Adam,Peter,Rebecca,Michelle,Melissa,Nicole,Lisa,Sarah,Belinda,Amanda,Kylie,Kelly
1979,Michael,Daniel,Matthew,David,Andrew,Benjamin,Adam,Christopher,Mark,Peter,Rebecca,Melissa,Sarah,Michelle,Amanda,Kelly,Lisa,Nicole,Kylie,Belinda
1980,Michael,Daniel,David,Andrew,Matthew,Benjamin,Adam,Christopher,Luke,Mark,Rebecca,Amanda,Michelle,Sarah,Melissa,Nicole,Lisa,Kristy,Kelly,Kylie
1981,Michael,Daniel,David,Matthew,Andrew,Benjamin,Luke,Christopher,Adam,Nathan,Rebecca,Sarah,Amanda,Melissa,Nicole,Michelle,Lisa,Kristy,Amy,Belinda
1982,Matthew,Michael,Daniel,Christopher,David,Andrew,Adam,Benjamin,James,Luke,Rebecca,Sarah,Melissa,Amanda,Nicole,Michelle,Jessica,Amy,Emma,Lisa
1983,Michael,Matthew,Christopher,Daniel,David,Andrew,Benjamin,Adam,Luke,James,Rebecca,Sarah,Jessica,Melissa,Amanda,Nicole,Amy,Michelle,Lauren,Emma
1984,Matthew,Daniel,Michael,Christopher,David,Andrew,Benjamin,Adam,Luke,James,Jessica,Sarah,Rebecca,Melissa,Lauren,Amanda,Nicole,Amy,Lisa,Michelle
1985,Matthew,Christopher,Daniel,Michael,David,Andrew,James,Benjamin,Luke,Adam,Jessica,Sarah,Rebecca,Amanda,Melissa,Nicole,Lauren,Amy,Emma,Lisa
1986,Matthew,Daniel,Christopher,Michael,Andrew,James,David,Benjamin,Luke,Adam,Jessica,Sarah,Rebecca,Amanda,Nicole,Lauren,Melissa,Emma,Amy,Samantha
1987,Matthew,Daniel,Christopher,Michael,Andrew,Benjamin,James,David,Luke,Joshua,Jessica,Sarah,Rebecca,Samantha,Amanda,Melissa,Amy,Emma,Lauren,Nicole
1988,Matthew,Daniel,Christopher,Michael,Benjamin,James,Andrew,Joshua,David,Luke,Jessica,Sarah,Emma,Samantha,Rebecca,Melissa,Amy,Lauren,Amanda,Nicole
1989,Matthew,Daniel,Christopher,Joshua,Michael,James,Benjamin,Andrew,Luke,David,Jessica,Sarah,Emma,Samantha,Rebecca,Lauren,Melissa,Amy,Nicole,Stephanie
1990,Matthew,Daniel,Joshua,Michael,James,Christopher,Benjamin,Andrew,Luke,Mitchell,Jessica,Sarah,Emma,Samantha,Rebecca,Lauren,Stephanie,Emily,Amy,Nicole
1991,Matthew,Daniel,Joshua,James,Christopher,Michael,Benjamin,Andrew,Thomas,Luke,Jessica,Sarah,Rebecca,Samantha,Emma,Emily,Stephanie,Lauren,Amy,Rachel
1992,Matthew,Joshua,Daniel,James,Michael,Benjamin,Christopher,Andrew,Mitchell,Thomas,Jessica,Sarah,Samantha,Rebecca,Emily,Emma,Stephanie,Lauren,Amy,Laura
1993,Joshua,Daniel,Matthew,James,Michael,Luke,Christopher,Benjamin,Nicholas,Thomas,Jessica,Sarah,Emily,Rebecca,Samantha,Emma,Stephanie,Lauren,Amy,Laura
1994,Joshua,Matthew,Daniel,James,Luke,Benjamin,Jake,Michael,Nicholas,Thomas,Jessica,Sarah,Emily,Rebecca,Stephanie,Emma,Samantha,Lauren,Laura,Amy
1995,Joshua,Daniel,Matthew,James,Thomas,Jack,Benjamin,Nicholas,Luke,Jake,Jessica,Emily,Sarah,Emma,Rebecca,Lauren,Samantha,Stephanie,Laura,Amy
1996,Joshua,Daniel,James,Matthew,Jack,Thomas,Nicholas,Jake,Luke,Michael,Jessica,Emily,Sarah,Emma,Samantha,Lauren,Georgia,Chloe,Rebecca,Stephanie
1997,Joshua,Daniel,James,Matthew,Jack,Thomas,Lachlan,Benjamin,Nicholas,Liam,Jessica,Emily,Sarah,Emma,Georgia,Chloe,Samantha,Hannah,Rebecca,Lauren
1998,Joshua,Jack,Lachlan,Matthew,James,Daniel,Thomas,Nicholas,Benjamin,William,Emily,Jessica,Sarah,Chloe,Emma,Georgia,Olivia,Samantha,Isabella,Caitlin
1999,Joshua,Jack,Lachlan,Thomas,James,Matthew,Daniel,Nicholas,William,Jacob,Emily,Jessica,Sarah,Chloe,Olivia,Georgia,Emma,Isabella,Sophie,Hannah
2000,Joshua,Jack,Thomas,Lachlan,James,Matthew,Daniel,Benjamin,Nicholas,William,Jessica,Emily,Sarah,Georgia,Olivia,Chloe,Emma,Sophie,Isabella,Hannah
2001,Joshua,Jack,Lachlan,Thomas,James,Daniel,Matthew,Nicholas,William,Benjamin,Emily,Jessica,Chloe,Sarah,Isabella,Olivia,Georgia,Hannah,Sophie,Emma
2002,Joshua,Jack,Lachlan,Thomas,Ethan,Nicholas,James,Daniel,Benjamin,William,Emily,Jessica,Chloe,Isabella,Sarah,Olivia,Sophie,Georgia,Hannah,Grace
2003,Jack,Joshua,Lachlan,Thomas,William,James,Daniel,Ethan,Benjamin,Samuel,Emily,Jessica,Chloe,Olivia,Isabella,Sarah,Emma,Georgia,Ella,Grace
2004,Jack,Joshua,Lachlan,Thomas,William,James,Ethan,Ryan,Daniel,Samuel,Emily,Olivia,Chloe,Jessica,Sophie,Charlotte,Isabella,Ella,Emma,Grace
2005,Jack,Lachlan,William,Joshua,Thomas,James,Daniel,Ryan,Ethan,Matthew,Emily,Olivia,Charlotte,Chloe,Ella,Jessica,Isabella,Sophie,Mia,Grace
2006,Jack,Joshua,Lachlan,William,Thomas,James,Daniel,Noah,Ethan,Ryan,Chloe,Charlotte,Emily,Ella,Olivia,Jessica,Isabella,Mia,Sophie,Sienna
2007,Jack,William,Joshua,Lachlan,Thomas,Cooper,Riley,James,Noah,Daniel,Isabella,Ella,Emily,Chloe,Mia,Olivia,Charlotte,Sophie,Sienna,Jessica
2008,Jack,William,Lachlan,Joshua,Cooper,Riley,Thomas,Oliver,James,Benjamin,Chloe,Mia,Isabella,Olivia,Emily,Charlotte,Ella,Sophie,Ava,Sienna
2009,William,Jack,Lachlan,Cooper,Joshua,Thomas,Oliver,Noah,Ethan,Riley,Isabella,Chloe,Charlotte,Olivia,Mia,Emily,Sienna,Sophie,Ruby,Amelia
2010,William,Jack,Oliver,Joshua,Thomas,Lachlan,Cooper,Noah,Ethan,Lucas,Isabella,Chloe,Ruby,Olivia,Charlotte,Mia,Lily,Emily,Amelia,Sienna
2011,William,Lucas,Lachlan,Ethan,Jack,Oliver,Noah,Thomas,Joshua,Cooper,Chloe,Ruby,Isabella,Olivia,Mia,Sophie,Charlotte,Amelia,Sienna,Emily
2012,William,Lucas,Noah,Jack,Oliver,Ethan,Lachlan,Joshua,Thomas,James,Charlotte,Ruby,Emily,Olivia,Chloe,Mia,Amelia,Sophie,Isabella,Ava
2013,William,Oliver,Jack,Noah,James,Lucas,Thomas,Lachlan,Cooper,Ethan,Charlotte,Olivia,Amelia,Chloe,Mia,Emily,Isabella,Ava,Sophie,Ruby
2014,Oliver,William,Noah,Jack,James,Lucas,Thomas,Alexander,Ethan,Liam,Olivia,Mia,Charlotte,Amelia,Ava,Emily,Chloe,Ruby,Isabella,Sophie
2015,Oliver,William,Jack,Noah,James,Lucas,Thomas,Isaac,Ethan,Jacob,Charlotte,Olivia,Mia,Amelia,Ava,Chloe,Emily,Zoe,Grace,Sophia
2016,Oliver,William,Noah,Jack,Lucas,James,Ethan,Thomas,Alexander,Leo,Olivia,Charlotte,Amelia,Ava,Mia,Chloe,Emily,Grace,Isla,Ruby
2017,Oliver,William,Noah,Jack,James,Henry,Thomas,Lucas,Ethan,Alexander,Charlotte,Olivia,Ava,Amelia,Mia,Isla,Chloe,Grace,Ella,Zoe
2018,Oliver,William,Noah,Jack,Henry,Thomas,Lucas,Liam,Leo,Alexander,Charlotte,Amelia,Olivia,Mia,Ava,Isla,Grace,Chloe,Harper,Emily
2019,Oliver,Noah,William,Jack,Leo,Lucas,Henry,Thomas,James,Liam,Charlotte,Olivia,Amelia,Mia,Isla,Ava,Chloe,Grace,Sophia,Ella
2020,Oliver,Noah,William,Leo,Lucas,Liam,Jack,Henry,Elijah,Thomas,Amelia,Olivia,Charlotte,Mia,Isla,Ava,Chloe,Grace,Sophia,Zoe
2021,Oliver,Noah,Jack,William,Henry,Leo,Lucas,Theodore,Levi,Liam,Olivia,Amelia,Charlotte,Isla,Ava,Mia,Grace,Chloe,Matilda,Ella
2022,Noah,Oliver,Leo,William,Theodore,Jack,Henry,Luca,Thomas,Charlie,Charlotte,Amelia,Isla,Olivia,Mia,Ava,Ella,Matilda,Sienna,Willow
2023,Oliver,Noah,Leo,Henry,Theodore,Luca,Hudson,William,Lucas,Charlie,Isla,Amelia,Olivia,Mia,Charlotte,Ava,Lily,Evelyn,Sophia,Matilda
2024,Noah,Oliver,Theodore,Luca,Henry,Leo,Hudson,Charlie,Lucas,Elijah,Charlotte,Amelia,Olivia,Mia,Isla,Chloe,Harper,Hazel,Sophia,Evelyn
2025,Noah,Oliver,Theodore,Luca,Leo,Henry,Elijah,Hudson,Levi,Jack,Charlotte,Amelia,Olivia,Isla,Mia,Sophia,Chloe,Hazel,Lily,Sienna
2026,Noah,Oliver,Theodore,Luca,Leo,Henry,Elijah,Hudson,Levi,Jack,Charlotte,Amelia,Olivia,Isla,Mia,Sophia,Chloe,Hazel,Lily,Sienna
